study_id,publication,is_doi
77,10.1038/nature07540,t
77,19043404,f
94,10.1038/ismej.2010.58,t
94,20445636,f
101,10.1073/pnas.1000081107,t
101,10.1016/j.chom.2015.04.009,t
101,20668239,f
101,25974302,f
103,10.1128/AEM.00335-09,t
103,19502440,f
104,10.1111/j.1462-2920.2010.02277.x,t
104,20561020,f
107,10.1038/oby.2011.111,t
107,21593810,f
213,10.1016/j.soilbio.2010.02.003,t
214,10.1007/s10533-009-9393-x,t
232,10.1073/pnas.1000162107,t
232,20231444,f
314,10.1128/AEM.00447-09,t
314,9502432,f
316,10.1111/j.1755-0998.2009.02558.x,t
316,21564833,f
317,10.1073/pnas.0807920105,t
317,19004758,f
349,10.1073/pnas.1011383107,t
349,20937873,f
353,10.1111/j.1574-6968.2010.01965.x,t
353,20412303,f
382,10.1126/science.1229000,t
382,23363771,f
383,10.1371/journal.pone.0015216,t
383,21188149,f
386,10.1371/journal.pone.0054703,t
386,23372757,f
391,10.1038/ismej.2010.71,t
391,20520652,f
393,10.1073/pnas.1000162107,t
393,20231444,f
395,10.1073/pnas.1002601107,t
395,20566857,f
396,10.1111/j.1462-2920.2010.02258.x,t
396,20545741,f
397,doi:10.1016/j.soilbio.2010.08.011,t
401,10.1371/journal.pone.0015216,t
401,21188149,f
449,10.1126/science.1177486,t
449,19892944,f
450,10.1126/science.1177486,t
450,19892944,f
452,10.1126/scitranslmed.3000322,t
452,20368178,f
453,10.1126/scitranslmed.3000322,t
453,20368178,f
454,10.1126/scitranslmed.3000322,t
454,20368178,f
455,10.1126/scitranslmed.3000322,t
455,20368178,f
456,10.1126/scitranslmed.3000322,t
456,20368178,f
457,10.1126/scitranslmed.3000322,t
457,20368178,f
460,10.1126/science.1179721,t
460,20203013,f
461,10.1093/bioinformatics/btr685,t
461,22171330,f
486,10.1073/pnas.1000097107,t
486,20571116,f
494,10.1073/pnas.1000087107,t
494,20847294,f
495,10.1371/journal.pone.0015046,t
495,21151493,f
524,10.1371/journal.pone.0015216,t
524,21188149,f
539,10.1371/journal.pone.0009836,t
539,20352091,f
550,10.1186/gb-2011-12-5-r50,t
550,21624126,f
621,10.1038/nature11053,t
621,22699611,f
625,10.1126/science.1198719,t
625,21596990,f
626,10.1126/science.1198719,t
626,10.1016/j.chom.2015.04.009,t
626,21596990,f
626,25974302,f
628,10.1126/science.1198719,t
628,21596990,f
638,10.1038/ismej.2011.23,t
638,21390078,f
654,10.1016/j.cell.2011.04.022,t
654,21565393,f
668,10.1038/ismej.2011.129,t
668,21955991,f
713,10.3389/fmicb.2011.00268,t
713,22232619,f
714,10.7554/eLife.01104,t
714,24137541,f
721,10.1073/pnas.1000080107,t
721,20534432,f
722,10.1073/pnas.1000080107,t
722,20534432,f
734,10.1038/nature13421,t
734,24896187,f
742,10.1126/science.1209791,t
742,21998396,f
797,10.7554/eLife.00458,t
797,23599893,f
802,10.1136/gutjnl-2011-301104,t
802,22115825,f
803,10.1126/scitranslmed.3002701,t
803,22030749,f
807,10.1371/journal.pone.0097435,t
807,24841417,f
814,10.1371/journal.pone.0028991,t
814,22216154,f
816,10.1007/s10021-011-9510-2,t
833,10.1038/nmicrobiol.2016.177,t
833,27694806,f
836,10.1128/AEM.01562-15,t
836,26180832,f
839,10.1128/mSystems.00093-17,t
839,29034330,f
850,10.1038/nature11053,t
850,10.1016/j.chom.2015.04.009,t
850,22699611,f
850,25974302,f
857,10.1371/journal.pone.0073079,t
857,24039862,f
867,10.1016/j.cell.2012.07.008,t
867,22863002,f
909,10.1038/nature10809,t
909,22297845,f
912,10.1073/pnas.1000454107,t
912,20616017,f
926,10.1152/ajpregu.00387.2012,t
926,23152108,f
928,21085198,t
928,21085198,f
929,10.1128/AEM.02257-10,t
929,21169444,f
930,10.1038/ismej.2010.167,t
930,21048802,f
933,10.1111/1462-2920.12972,t
933,26148974,f
959,10.1164/rccm.201211-2145OC,t
959,23392441,f
967,10.1371/journal.pone.0032543,t
967,22470420,f
989,10.1016/j.watres.2014.11.003,t
989,25463929,f
990,10.1111/1462-2920.13231,t
990,26914164,f
995,10.1073/pnas.1000454107,t
995,20616017,f
997,10.1073/pnas.1000454107,t
997,20616017,f
1005,10.1038/ismej.2012.113,t
1005,23151641,f
1010,10.1126/science.1208344,t
1010,10.1016/j.chom.2015.04.009,t
1010,21885731,f
1010,25974302,f
1011,10.1126/science.1208344,t
1011,10.1016/j.chom.2015.04.009,t
1011,21885731,f
1011,25974302,f
1014,10.1073/pnas.1000081107,t
1014,20668239,f
1020,10.1164/rccm.201211-2145OC,t
1020,23392441,f
1024,10.1128/mBio.02527-14,t
1024,25805735,f
1026,10.1101/gr.140608.112,t
1026,23064750,f
1030,10.1038/ismej.2014.36,t
1030,24722629,f
1035,10.3389/fmicb.2014.00515,t
1035,25324835,f
1036,10.1038/nature14238,t
1036,25739499,f
1056,10.1111/mec.12501,t
1056,24118574,f
1066,10.1164/rccm.201211-2145OC,t
1066,23392441,f
1069,10.1164/rccm.201211-2145OC,t
1069,23392441,f
1070,10.1053/j.gastro.2010.08.049,t
1070,20816835,f
1089,10.1371/journal.pone.0105684,t
1089,25140823,f
1191,10.1128/mBio.01343-17,t
1191,29042495,f
1192,10.1016/j.chom.2012.08.003,t
1192,10.1016/j.chom.2015.04.009,t
1192,22980325,f
1192,25974302,f
1193,10.1007/s00248-013-0233-0,t
1193,23640275,f
1194,23392441,t
1194,23392441,f
1199,10.1038/ismej.2012.79,t
1199,22832344,f
1200,10.1038/ismej.2012.79,t
1200,22832344,f
1259,10.1093/jac/dks151,t
1259,22556381,f
1335,10.1371/journal.pone.0028132,t
1335,22132229,f
1345,10.1038/ismej.2011.211,t
1345,22278670,f
1437,10.1164/rccm.201211-2145OC,t
1437,23392441,f
1438,10.1164/rccm.201211-2145OC,t
1438,23392441,f
1448,10.1038/ncomms7505,t
1448,25807110,f
1449,10.1126/science.1229000,t
1449,23363771,f
1452,10.1073/pnas.1306070110,t
1452,24062455,f
1453,10.1016/j.gecco.2016.06.004,t
1453,30042392,f
1454,10.1038/nature13421,t
1454,24896187,f
1455,10.1016/j.cell.2014.09.008,t
1455,25284151,f
1457,10.1101/gr.126573.111,t
1457,22009990,f
1479,10.1371/journal.pone.0037849,t
1479,22666400,f
1487,10.1073/pnas.1213110109,t
1487,23112184,f
1509,10.1016/j.cell.2014.09.008,t
1509,25284151,f
1511,10.1016/j.cell.2014.09.008,t
1511,25284151,f
1517,10.3389/fmicb.2014.00298,t
1517,24995004,f
1522,10.1126/science.1241214,t
1522,24009397,f
1530,10.1038/ismej.2014.36,t
1530,24722629,f
1536,10.1164/rccm.201211-2145OC,t
1536,23392441,f
1549,10.1016/j.cell.2014.09.008.,t
1549,25284151,f
1552,10.1038/ismej.2012.56,t
1552,22739495,f
1554,10.1016/j.chom.2013.08.006,t
1554,24034618,f
1561,10.1371/journal.pone.0046953,t
1561,23071673,f
1564,10.1371/journal.pone.0073140,t
1564,24015295,f
1566,10.1111/1462-2920.12036,t
1566,23171378,f
1567,10.1016/j.cell.2014.09.008,t
1567,25284151,f
1609,10.1007/s12024-015-9667-7,t
1609,10.1007/s00414-015-1206-2,t
1609,25737335,f
1609,26024793,f
1618,10.1038/ismej.2013.200,t
1618,24335825,f
1620,10.1111/mec.12510,t
1620,24171949,f
1627,10.1111/j.1462-2920.2012.02799.x,t
1627,22676420,f
1629,10.1038/nmicrobiol.2017.4,t
1629,28191884,f
1632,10.1093/femsec/fiy022,t
1632,29438507,f
1634,10.1073/pnas.1600324113,t
1634,27185913,f
1648,10.1371/journal.pone.0068322,t
1648,23844187,f
1667,22519571,t
1667,22519571,f
1671,10.1371/journal.pone.0059310,t
1671,23544058,f
1676,10.1164/rccm.201211-2145OC,t
1676,23392441,f
1683,10.1038/ismej.2012.8,t
1683,22402401,f
1684,10.1038/ismej.2012.8,t
1684,22402401,f
1685,10.1038/nmeth.2276,t
1685,23202435,f
1686,10.1038/nmeth.2276,t
1686,23202435,f
1687,10.1038/nmeth.2276,t
1687,23202435,f
1688,doi:  10.1038/ismej.2011.107,t
1688,23202435,f
1689,10.1038/nmeth.2276,t
1689,23202435,f
1690,10.1038/nmeth.2276,t
1690,23202435,f
1700,10.1016/j.chom.2013.08.006,t
1700,24034618,f
1702,10.1016/j.soilbio.2012.07.013,t
1736,10.1038/s41396-020-00855-0,t
1736,33328653,f
1737,10.1371/journal.pone.0061218,t
1737,23613815,f
1741,10.1073/pnas.1424409112,t
1741,25825778,f
1747,10.1128/mSystems.00046-16,t
1747,27822543,f
1754,10.1038/ismej.2013.50,t
1754,23552625,f
1772,23717552,t
1772,10.1371/journal.pone.0064133,f
1792,10.1073/pnas.1302837110,t
1792,10.1016/j.chom.2015.04.009,t
1792,23576752,f
1792,25974302,f
1795,10.1016/B978-0-12-407863-5.00019-8,t
1795,24060131,f
1797,10.1128/JCM.00898-13,t
1797,23740726,f
1798,10.1128/JCM.00898-13,t
1798,23740726,f
1802,10.1371/journal.pone.0064133,t
1802,23717552,f
1810,10.1128/AEM.03018-14,t
1810,25416771,f
1812,10.1128/AEM.03018-14,t
1812,25416771,f
1813,10.1128/AEM.03018-14,t
1813,25416771,f
1814,10.1128/AEM.03018-14,t
1814,25416771,f
1815,10.1128/AEM.03018-14,t
1815,25416771,f
1818,10.1128/AEM.03781-12,t
1818,23377944,f
1819,10.1128/AEM.03781-12,t
1819,23377944,f
1822,10.1126/science.1243768,t
1822,24179225,f
1845,10.1128/AEM.01562-15,t
1845,26150449,f
1855,10.1371/journal.pone.0074787,t
1855,24040342,f
1856,10.1371/journal.pone.0074787,t
1856,24040342,f
1857,10.1371/journal.pone.0074787,t
1857,24040342,f
1861,10.1371/journal.pone.0043052,t
1861,22905200,f
1862,10.1038/ismej.2011.162,t
1862,22071345,f
1878,10.1371/journal.pone.0074787,t
1878,24040342,f
1879,10.1371/journal.pone.0074787,t
1879,24040342,f
1880,10.1371/journal.pone.0050636,t
1880,23236381,f
1881,10.1371/journal.pone.0074787,t
1881,24040342,f
1882,10.1371/journal.pone.0074787,t
1882,24040342,f
1884,10.1128/AEM.00934-13,t
1884,23793641,f
1885,10.1128/AEM.01562-15,t
1885,26150449,f
1887,10.1371/journal.pone.0103171,t
1887,25078564,f
1889,10.7554/eLife.01104,t
1889,24137541,f
1890,10.1038/ismej.2013.28,t
1890,23426013,f
1919,10.1128/AEM.00934-13,t
1919,23793641,f
1924,10.1186/s40168-015-0070-0,t
1924,25825673,f
1927,10.1038/nature11234,t
1927,22699609,f
1928,10.1038/nature11234,t
1928,22699609,f
1934,10.1371/journal.pone.0079512,t
1934,24278144,f
1936,10.1371/journal.pone.0079512,t
1936,24278144,f
1939,10.1016/j.chom.2014.02.005,t
1939,24629344,f
1958,10.1053/j.gastro.2013.01.047,t
1958,23380084,f
1965,10.1099/mic.0.000245,t
1965,26813792,f
1972,10.7287/peerj.preprints.934v2,t
1973,10.7287/peerj.preprints.934v2,t
1974,10.7287/peerj.preprints.934v2,t
1975,10.7287/peerj.preprints.934v2,t
1976,10.1371/journal.pone.0035507,t
1976,22530036,f
1986,10.1371/journal.pone.0047879,t
1986,23408926,f
1987,10.1371/journal.pone.0047879,t
1987,23408926,f
1989,10.1371/journal.pone.0047879,t
1989,23408926,f
1990,10.1371/journal.pone.0047879,t
1990,23408926,f
1997,10.1126/science.aad2646,t
1997,26657285,f
1998,10.1016/j.chom.2014.02.005,t
1998,24629344,f
2010,10.1038/nm.4039,t
2010,26828196,f
2014,10.1016/j.cell.2014.09.053,t
2014,25417156,f
2019,10.1073/pnas.1317377110,t
2019,24277822,f
2020,10.1073/pnas.1317377110,t
2020,24277822,f
2024,10.1128/AEM.00780-15,t
2024,25979893,f
2025,10.1007/s00284-013-0401-y,t
2025,23743600,f
2027,10.1371/journal.pone.0087093,t
2027,24489843,f
2030,24489843,t
2030,10.1371/journal.pone.0087093,t
2030,24489843,f
2033,10.1128/AEM.02710-13,t
2036,10.1126/science.1243768,t
2036,24179225,f
2042,10.1128/mBio.00782-13,t
2042,24169577,f
2046,10.1128/mBio.00782-13,t
2046,24169577,f
2086,10.1158/1055-9965.EPI-15-0951,t
2086,26604270,f
2104,10.1098/rspb.2014.1988,t
2104,25274366,f
2105,10.1098/rspb.2014.1988,t
2105,25274366,f
2107,10.1098/rspb.2014.1988,t
2107,25274366,f
2136,10.1128/mSphere.00199-16,t
2136,27602409,f
2148,10.1186/s13059-014-0531-y,t
2148,25517225,f
2149,25517225,f
2149,10.1186/s13059-014-0531-y,t
2150,doi: 10.1186/s13059-014-0531-y,t
2150,25517225,f
2151,10.1186/s13059-014-0531-y,t
2151,25517225,f
2162,10.1073/pnas.1000080107,t
2162,20534432,f
2185,25367625,t
2185,25367625,f
2192,10.1126/science.1254529,t
2192,25170151,f
2202,10.1186/gb-2014-15-7-r89,t
2202,10.1016/j.chom.2015.04.009,t
2202,25146375,f
2202,25974302,f
2222,10.1186/gb-2014-15-7-r89,t
2222,25146375,f
2223,10.1038/ismej.2013.11,t
2223,23407312,f
2229,doi/10.1111/1462-2920.12972,t
2229,26148974,f
2248,10.1113/JP277336,t
2248,30714619,f
2259,10.1111/ele.12301,t
2259,10.1038/ismej.2015.64,t
2259,24847735,f
2259,25909977,f
2260,10.1111/ele.12301,t
2260,10.1038/ismej.2015.64,t
2260,24847735,f
2260,25909977,f
2278,10.1128/AEM.00663-14,t
2278,24973064,f
2279,10.1128/AEM.00663-14,t
2279,24973064,f
2378,10.1007/s12024-015-9667-7,t
2378,10.1007/s00414-015-1206-2,t
2378,25737335,f
2378,26024793,f
2382,10.1128/mBio.02527-14,t
2382,25805735,f
2385,10.1016/j.cell.2014.09.053,t
2385,25417156,f
2401,10.1016/j.cell.2014.09.053,t
2401,25417156,f
2458,10.1038/nbt.3981,t
2458,28967885,f
2459,10.1038/nbt.3981,t
2459,28967885,f
2538,10.1136/gutjnl-2017-315352,t
2538,29055911,f
10052,10.1126/sciadv.1500183,t
10052,26229982,f
10057,28506317,f
10080,10.1038/srep40932,t
10080,28150690,f
10093,10.1186/s40168-015-0091-8,t
10093,26167280,f
10097,10.1016/j.chom.2015.01.011,t
10097,25732064,f
10106,24003149,t
10106,24003149,f
10107,24379374,t
10107,24379374,f
10109,22859206,t
10109,22859206,f
10113,25605935,t
10113,25605935,f
10114,24146861,t
10114,24146861,f
10118,10.1053/j.gastro.2010.08.049,t
10118,20816835,f
10119,27302757,f
10143,10.1126/science.aad2646,t
10143,26657285,f
10168,25845501,t
10168,25845501,f
10172,10.1126/scitranslmed.aah6500,t
10172,28539477,f
10178,10.2144/000114559,t
10178,28625159,f
10184,10.1093/aje/kww177,t
10184,27986704,f
10186,25788591,t
10186,25788591,f
10196,10.1098/rspb.2014.2881,t
10196,25788591,f
10218,10.1128/mSystems.00009-15,t
10220,10.1177/0022034515590369,t
10220,26082387,f
10220,27978598,f
10220,33710636,f
10220,32277466,f
10220,31940332,f
10220,31766976,f
10220,31623509,f
10244,10.1038/s41598-018-21541-4,t
10244,29487294,f
10249,10.1126/scitranslmed.aad7121,t
10249,27306664,f
10251,26495985,t
10251,26495985,f
10257,10.1016/j.celrep.2015.10.026,t
10257,26586432,f
10269,26311665,f
10269,25902536,f
10272,10.1128/AEM.01486-15,t
10278,10.1038/s41598-017-11546-w,t
10280,10.1164/rccm.201411-1995OC,t
10280,25789411,f
10281,10.1016/j.watres.2016.02.018,t
10281,26905795,f
10283,10.3389/fmicb.2018.02559,t
10285,10.1038/ncomms9285,t
10285,26393325,f
10289,25350154,t
10289,25350154,f
10291,10.3389/fvets.2016.00002,t
10291,26835461,f
10293,10.7717/peerj.1612,t
10293,26819854,f
10296,10.1371/journal.pone.0141337,t
10296,26555787,f
10297,10.1038/srep40466.,t
10297,28079170,f
10300,10.1038/srep40932,t
10300,28150690,f
10313,10.1016/j.apsoil.2016.03.016,t
10317,10.1128/mSystems.00031-18,t
10317,29795809,f
10324,24162580,t
10324,24162580,f
10329,25902536,t
10329,25902536,f
10330,10.1371/journal.pone.0105684,t
10330,25140823,f
10333,10.1126/sciadv.1501061,t
10333,26933683,f
10338,25892234,t
10338,25892234,f
10344,26355216,t
10344,26355216,f
10352,10.1128/AEM.00361-17,t
10352,28258145,f
10353,10.1002/mbo3.716,t
10353,30168288,f
10360,10.1128/mSystems.00195-16,t
10369,10.3389/fpls.2016.00820,t
10369,27379119,f
10370,10.1186/s12915-019-0660-6,t
10370,31189482,f
10394,10.1128/mSystems.00021-16,t
10401,10.1128/mSystems.00186-19,t
10401,31239396,f
10422,10.1128/mSystems.00020-18,t
10424,10.1016/j.bbih.2021.100271,t
10424,10.1101/2024.03.19.585820,t
10424,34589776,f
10424,38562901,f
10431,10.1007/s11104-016-3126-4,t
10469,10.1038/nmicrobiol.2016.140,t
10469,27782139,f
10482,10.1038/ncomms11833,t
10482,27270557,f
10483,10.1016/j.cell.2016.11.018,t
10483,27912057,f
10485,10.1128/mBio.00836-16,t
10485,27555305,f
10500,27892936,f
10500,10.1038/nmicrobiol.2016.221,t
10502,10.1038/ismej.2017.14,t
10508,10.1186/s13073-016-0297-9,t
10508,27124954,f
10515,10.1128/mSystems.00061-19,t
10515,31186334,f
10527,10.1038/s41467-017-00531-6,t
10527,28894149,f
10532,28122648,f
10560,10.1128/AEM.02692-17,t
10567,10.1002/mds.26942,t
10567,28195358,f
10704,10.1038/nmicrobiol.2016.221,t
10704,27892936,f
10767,10.1371/journal.pntd.0006344,t
10767,29529084,f
10777,10.1371/journal.pone.0229001,t
10808,10.1038/nmeth.2276,t
10808,23202435,f
10815,10.3389/fmicb.2017.00526,t
10815,28421042,f
10836,10.1016/j.celrep.2016.01.017,t
10836,26854236,f
10856,10.1038/nature24302,t
10856,29144460,f
10857,10.1002/mds.26069,t
10857,25476529,f
10861,10.1016/j.envres.2021.111084,t
10861,33785324,f
10894,10.1016/j.medj.2021.05.003,t
10911,10.1186/s12866-018-1341-2,t
10911,30477439,f
10915,27381887,f
10934,10.1128/mSystems.00218-17,t
10934,29577086,f
10936,10.1093/icb/icx090,t
10936,28985326,f
10937,10.1371/journal.pone.0217947,t
10953,10.1111/apt.13750,t
10953,27481036,f
10954,10.1371/journal.pone.0081330,t
10954,24303043,f
10957,10.1186/s40168-015-0070-0,t
10957,25825673,f
10959,10.1002/ijc.33473,t
10959,33460452,f
10961,10.1016/j.cgh.2013.12.032,t
10961,24440222,f
10962,10.1186/s13073-016-0298-8,t
10962,27121861,f
10966,10.1128/mBio.01965-16,t
10966,27999162,f
10968,28228596,f
11003,10.1128/mBio.01693-15,t
11003,26556275,f
11006,10.1111/hel.12270,t
11006,26395781,f
11010,10.1038/s41591-019-0546-8,t
11010,31209334,f
11043,10.1073/pnas.2003656117,t
11043,10.1084/jem.20192276,t
11043,32958643,f
11043,32880630,f
11044,10.1128/mBio.00893-14,t
11076,10.1186/s40168-016-0198-6,t
11076,27717398,f
11081,10.1186/s12864-016-2777-0,t
11082,10.1073/pnas.1000081107,t
11082,20668239,f
11113,10.1038/s41564-017-0075-5,t
11113,29180726,f
11116,10.1073/pnas.1800918115,t
11116,29941552,f
11119,10.1128/AEM.01680-18,t
11119,30171008,f
11135,10.1128/mSystems.00528-20,t
11135,32994287,f
11149,10.1016/j.jcmgh.2022.03.008,t
11149,35378331,f
11153,10.1186/s40168-017-0269-3,t
11153,28506317,f
11154,10.1038/s41598-017-16253-0,t
11156,10.1126/sciadv.aao1874,t
11156,29026883,f
11160,10.1016/j.joule.2017.11.008,t
11163,10.1038/nature11053,t
11166,10.1128/mBio.02901-19,t
11166,31911491,f
11172,25036636,f
11176,10.2144/btn-2018-0192,t
11176,31124709,f
11177,10.1016/j.clnu.2016.06.029,t
11178,10.1128/mBio.00251-12,t
11190,10.3389/fcvm.2017.00017,t
11203,10.1371/journal.pone.0116967,t
11203,25658710,f
11207,10.1111/apt.13326,t
11210,10.1158/1055-9965.EPI-20-0824,t
11210,32855266,f
11224,10.1038/srep24857,t
11249,27861590,f
11274,10.1038/s41467-020-19793-8,t
11284,10.1186/s40168-019-0636-3,t
11284,30760325,f
11290,10.1186/gb-2014-15-7-r89,t
11293,10.1038/s41598-020-59016-0,t
11293,32034250,f
11326,10.1177/1352458520924594,t
11326,33115343,f
11333,1021/pr4001702. Epub 2013 May 23,t
11333,10.1128/mSystems.00128-16,t
11333,23651394,f
11333,27921083,f
11336,10.1073/pnas.1711235114,t
11336,28893978,f
11348,10.1186/gb-2014-15-7-r89,t
11351,10.1128/mSphere.00410-18,t
11351,30333179,f
11358,10.1126/science.aan4834,t
11358,28839072,f
11364,10.4161/gmic.23571,t
11367,10.1038/ajg.2017.6,t
11367,10.1080/19490976.2017.1299310,t
11387,10.1038/ajg.2017.6,t
11387,10.1080/19490976.2017.1299310,t
11402,10.1096/fasebj.31.1_supplement.958.16,t
11402,30351381,f
11405,10.1093/ajcn/nqaa011,t
11405,32047925,f
11432,10.1128/mSystems.00166-18,t
11432,30417111,f
11442,10.1038/s41587-022-01368-1,t
11442,35798960,f
11479,10.1101/2025.03.20.644349,t
11479,10.6084/m9.figshare.28769039,t
11484,10.1038/s41586-019-1237-9,t
11484,31142855,f
11488,10.1016/j.cell.2014.05.041,t
11488,25036636,f
11493,25171403,f
11495,10.3233/JPD-160991,t
11495,28234259,f
11513,10.1126/science.aaq0926,t
11513,29724905,f
11514,10.1007/s10517-017-3700-7,t
11514,28429209,f
11515,10.1186/s13073-017-0428-y,t
11515,28449715,f
11520,10.1016/j.brainres.2017.04.019,t
11520,28506555,f
11522,10.1016/j.parkreldis.2017.02.026,t
11522,28259623,f
11525,https://doi.org/10.1016/j.bbi.2021.07.006,t
11546,10.1093/ibd/izaa262,t
11546,33026068,f
11548,10.1128/mSystems.00116-21,t
11548,10.1080/19490976.2025.2474142,t
11548,34184915,f
11548,40025767,f
11550,10.1038/nature12820,t
11550,24336217,f
11553,10.1128/mSphere.00455-21,t
11553,34259562,f
11566,10.1016/j.cell.2018.04.027,t
11566,29804833,f
11575,10.1038/s41598-018-33995-7,t
11635,10.1002/hep4.1284,t
11635,30619992,f
11638,Systemic lupus erythematosus,t
11638,nephritis,t
11638,helminths,t
11638,Tuftsin-phosphorylcholine,t
11638,hygiene hypothesis,t
11638,microbiome,t
11638,autoimmunity,t
11638,Systemic lupus erythematosus,f
11638,nephritis,f
11638,helminths,f
11638,Tuftsin-phosphorylcholine,f
11638,hygiene hypothesis,f
11638,microbiome,f
11638,autoimmunity,f
11653,10.1038/s41598-018-34019-0,t
11653,30367140,f
11666,10.1186/s13059-019-1831-z,t
11666,31672155,f
11666,36814836,f
11697,10.3389/fnins.2022.889211,t
11697,35685770,f
11710,10.1016/j.bbi.2020.10.003,t
11710,33098964,f
11712,10.1002/adbi.202101313,t
11718,10.1016/j.jff.2019.103738,t
11721,10.1128/mSphere.00401-20,t
11721,32434844,f
11735,10.1016/j.chom.2018.12.003,t
11757,10.1038/s41591-018-0164-x,t
11757,30150716,f
11758,10.1182/blood.2019004381,t
11758,32911536,f
11760,10.1111/jam.13898,t
11787,10.1111/ina.12632,t
11815,10.1101/340109,t
11815,31719140,f
11823,Dr. Girija Ramakrishnan,t
11823,Ph.D.,t
11829,10.3389/fphys.2021.663950,t
11829,33897472,f
11835,10.1371/journal.pone.0210679,t
11835,31083685,f
11838,10.1038/s41598-018-29730-x,t
11838,30054546,f
11839,https://doi.org/10.3389/fmicb.2019.00965,t
11839,31164869,f
11841,https://doi.org/10.3389/fphys.2020.524833,t
11865,https://doi.org/10.1126/sciadv.abn8016,t
11865,35749501,f
11874,10.1128/mSphere.00193-18,t
11874,30158281,f
11882,10.1016/j.chom.2015.01.001,t
11882,25662751,f
11884,10.1126/scitranslmed.aad0917,t
11884,27306663,f
11896,10.1038/s41467-019-10656-5,t
11896,31222023,f
11899,10.1128/mSystems.01182-20,t
11899,33594005,f
11912,10.1371/journal.ppat.1008066,t
11912,31841569,f
11913,10.1371/journal.ppat.1008066,t
11913,31841569,f
11914,10.1186/s40168-018-0580-7,t
11914,30396369,f
11914,PMC6219090,f
11937,10.1128/mBio.01751-18,t
11937,30352933,f
11939,1,t
11943,10.1007/s00393-021-01035-x,t
11943,PMC9981501,f
11947,10.1101/253450,t
11947,10.1371/journal.pbio.2005396,f
11951,10.1016/j.ijfoodmicro.2018.09.020,t
11953,10.1182/blood.2019004381,t
11953,32911536,f
11993,10.1038/s41598-018-29687-x,t
11993,10.1038/ijo.2017.281,t
11993,10.2337/dc16-1324,t
11993,10.1101/394726,t
12015,10.1186/s12866-021-02387-9,t
12015,34809575,f
12021,10.1038/s41598-019-47953-4,t
12021,31406230,f
12021,30674917,f
12051,10.3389/fmicb.2018.02612,t
12080,10.1016/j.cell.2018.10.029,t
12080,30388453,f
12087,PMID27229737,f
12119,Dr. Girija Ramakrishnan,t
12119,Ph.D.,t
12120,Dr. Girija Ramakrishnan,t
12120,Ph.D.,t
12121,Dr. Girija Ramakrishnan,t
12121,Ph.D.,t
12137,ERP012804,f
12138,10.1371/journal.pntd.0002880,t
12138,24851867,f
12142,10.1161/JAHA.120.016641,t
12142,32691653,f
12145,10.1038/pr.2018.32,t
12145,29538359,f
12149,10.1038/s41598-018-31731-9,t
12149,30190564,f
12159,10.1101/2021.04.12.439539,t
12173,10.1126/sciadv.1500997,t
12173,26824072,f
12194,10.1016/j.cmet.2018.08.005,t
12194,PMID30174308,f
12201,10.2144/btn-2020-0153,t
12201,33512248,f
12227,10.1128/AEM.00411-20,t
12227,10.3389/fmicb.2020.02015,t
12227,10.3389/fmars.2021.676731,t
12227,32303543,f
12227,32983024,f
12260,cjz,t
12260,cjz,f
12262,10.1038/s41598-020-58671-7,t
12274,10.1128/mSystems.00119-20,t
12274,32430405,f
12277,10.1126/scitranslmed.aap9489,t
12277,30257956,f
12281,26997480,f
12281,26359337,f
12285,10.1186/s40168-019-0695-5,t
12285,31159879,f
12292,doi:10.1038/ncomms11965,t
12292,27311813,f
12296,10.1038/s41396-018-0169-y,t
12296,29899514,f
12300,10.1038/ismej.2017.29,t
12300,28398348,f
12301,10.1038/s41396-019-0356-5,t
12301,30809013,f
12302,10.1038/ismej.2017.104,t
12302,28731479,f
12330,10.1038/ismej.2017.165,t
12330,29064479,f
12331,doi:10.15252/msb.20178157,t
12331,29930200,f
12361,10.1128/JCM.02876-13,t
12361,24371246,f
12365,10.1128/mSystems.00177-19,t
12365,31098396,f
12382,10.1111/acps.12976,t
12382,30374951,f
12437,ss,t
12437,ss,f
12440,10.1016/j.schres.2018.01.002,t
12440,29352709,f
12452,10.1016/j.jpsychires.2016.12.007,t
12452,27988330,f
12454,10.1002/phar.2214,t
12454,30620405,f
12455,10.1186/s40168-019-0666-x,t
12455,30955503,f
12456,10.1038/s41398-018-0107-9,t
12456,29743478,f
12464,na,t
12464,na,f
12465,https://doi.org/10.1016/j.forsciint.2021.110782,t
12470,10.1128/mBio.01054-19,t
12470,31363029,f
12493,10.1038/s41467-017-02573-2,t
12493,29321519,f
12496,10.1016/j.cell.2016.04.007,t
12496,27133167,f
12506,10.1186/s12889-018-5879-6,t
12506,30081857,f
12508,10.1073/pnas.1521835113,t
12508,27573830,f
12520,10.3945/ajcn.117.157529,t
12521,10.1093/femsec/fix099,t
12522,10.1001/jamapediatrics.2017.0378,t
12523,10.1186/s40168-016-0213-y,t
12524,10.1038/nmicrobiol.2016.24,t
12524,27572443,f
12525,10.1186/s40168-016-0214-x,t
12527,10.1126/scitranslmed.aab2271,t
12530,10.1128/mSphere.00501-17,t
12534,10.1056/NEJMoa2003697,t
12534,32813948,f
12555,10.1038/s41467-017-02573-2,t
12555,29321519,f
12568,10.3389/fmicb.2019.01193,t
12572,https://doi.org/10.1080/20002297.2020.1830623,t
12575,https://doi.org/10.18122/B2QQ71,t
12615,10.1186/s13059-019-1834-9,t
12654,doi.org/10.1371/journal.pone.0239681,t
12654,32991615,f
12675,10.1038/s41564-021-01050-3,t
12675,10.1186/s40168-022-01331-x,t
12675,35087228,f
12675,35999575,f
12681,https://doi.org/10.1073/pnas.1707186114,t
12681,28830993,f
12753,https://doi.org/10.1038/s41598-021-85897-w,t
12758,10.1021/acs.est.2c02312,t
12771,10.1016/S0140-6736(17)30182-4,t
12771,28214091,f
12774,10.1111/apt.14387,t
12774,29052237,f
12785,10.1093/ecco-jcc/jjz049,t
12821,10.1073/pnas.1521835113,t
12821,27573830,f
12826,dfgsdfgsdf,t
12831,10.3390/nu10060773,t
12831,29914095,f
12854,10.1093/femsec/fiy133,t
12854,30010747,f
12861,https://doi.org/10.1371/journal.pone.0227289,t
12861,32078625,f
12868,10.1097/MIB.0000000000001132,t
12868,28445246,f
12875,10.1016/j.envint.2020.105664,t
12875,32200316,f
12878,10.1371/journal.pone.0133925,t
12878,26288277,f
12922,10.1038/s41467-018-07275-x,t
12923,10.1038/s41396-019-0555-0,t
12924,10.1186/s40168-017-0229-y,t
12949,10.1126/science.aba5483,t
12961,doi.org/10.1053/j.gastro.2015.04.001,t
12961,25857665,f
12975,10.1002/mds.29300,t
12975,36691982,f
12981,10.1182/blood.2019004381,t
12981,32911536,f
12996,10.1186/s13073-020-00764-z,t
12996,32711559,f
13032,10.1111/eci.13417,t
13032,32991745,f
13057,10.1038/ismej.2015.209,t
13057,26613342,f
13057,PMC5029183,f
13064,10.1016/j.envint.2020.106084,t
13064,32977191,f
13112,10.1073/pnas.1319284111,t
13112,24843156,f
13113,10.1186/s12916-020-01751-2,t
13113,33081767,f
13114,10.1038/s41564-022-01266-x,t
13114,36443458,f
13130,10.1128/mSystems.00340-20,t
13130,33024048,f
13139,10.1038/srep26447,t
13139,27211518,f
13140,10.1186/gb-2012-13-3-r23,t
13140,22455878,f
13153,10.3389/fimmu.2019.01914,t
13153,31456808,f
13160,10.3390/microorganisms9091948,t
13173,10.1038/s41467-020-20495-4,t
13173,33500411,f
13176,31772206,f
13177,10.1038/ismej.2017.114,t
13177,28731472,f
13179,10.1038/s41467-019-11722-8,t
13179,31451691,f
13180,10.1038/s41396-019-0472-2,t
13180,31320727,f
13184,10.1038/s41598-017-13601-y,t
13184,29051531,f
13187,10.1016/j.bbi.2018.09.026,t
13187,30261302,f
13189,10.1182/blood.2019004381,t
13189,32911536,f
13194,10.1371/journal.pone.0232456,t
13194,32353071,f
13196,doi: 10.1038/s41598-019-54702-0,t
13196,31836727,f
13198,10.1038/s41426-018-0097-y,t
13198,29789582,f
13204,10.1038/s41598-020-64747-1,t
13204,32409670,f
13209,10.1007/s00248-014-0487-1,t
13209,25230887,f
13210,10.1128/JCM.00300-19,t
13210,31315951,f
13211,10.1038/s41598-019-50410-x,t
13211,31575935,f
13212,10.1371/journal.pone.0180167,t
13212,28700642,f
13213,10.1186/s40168-015-0126-1,t
13213,26620712,f
13235,10.1111/pedi.13170,t
13235,33398933,f
13244,ASO Model Diet treatment Metagenomics,f
13275,10.1186/s40168-020-00960-4,t
13275,33482920,f
13280,31491384,f
13284,10.1038/s41591-019-0559-3,t
13284,31477907,f
13301,10.1016/j.forsciint.2022.111425,t
13301,36087369,f
13321,10.1101/2020.05.24.113290,t
13333,10.1038/s41467-020-18649-5,t
13333,32973149,f
13361,https://doi.org/10.21203/rs.3.rs-44928/v1,t
13393,s41396-020-0634-2,t
13397,10.1111/1365-2656.13386,t
13414,10.1101/2022.03.07.483203,t
13418,10.1038/s41598-018-31116-y,t
13418,30150778,f
13420,10.1038/s41598-019-49118-9,t
13420,10.1186/s13071-019-3651-0,t
13420,31477800,f
13420,31395073,f
13422,10.1186/s40168-024-01954-2,t
13422,39639355,f
13425,10.1001/jama.2018.20046,t
13425,30644982,f
13434,10.1371/journal.pone.0250695,t
13434,33939741,f
13445,https://iservices.pt/problema/huawei/ecra,t
13445,https://iservices.pt/problema/huawei/ecra,f
13461,10.1038/nature21674,t
13461,28273061,f
13465,29489876,f
13466,31890206,f
13467,30358109,f
13469,32477412,f
13474,10.1038/s41591-020-1105-z,t
13474,33169017,f
13476,10.1073/pnas.1707009114,t
13476,28830999,f
13477,10.1038/s41598-017-11368-w,t
13477,28887493,f
13491,10.1016/j.jid.2016.01.023,t
13493,10.1038/s41586-022-05637-6,t
13493,3669782,f
13509,https://doi.org/10.1128/mBio.03335-20,t
13509,33531385,f
13510,https://doi.org/10.1016/j.chom.2021.07.004,t
13529,10.1016/j.chom.2021.06.014,t
13549,10.1002/ijc.32942,t
13549,32115690,f
13555,10.1093/gerona/glaa122,t
13555,PMC7302166,f
13572,https://sqonline.ucsd.edu/publications/saltman-quarterly-vol-19/,t
13575,10.1021/acs.jafc.0c05285,t
13578,10.1093/ajcn/nqy121,t
13579,10.1007/s00248-019-01448-x,t
13579,31754744,f
13588,10.1186/s12885-020-6654-5,t
13588,32093640,f
13598,10.1080/10428194.2020.1850718,t
13598,33258724,f
13599,10.1093/cid/ciy153,t
13599,29518185,f
13611,10.3389/fcimb.2019.00028,t
13611,30838178,f
13631,10.1080/19490976.2020.1747329,t
13631,32312186,f
13639,10.1182/bloodadvances.2021005110,t
13639,34644375,f
13652,10.1128/mSphere.01044-20,t
13652,33268567,f
13670,10.1002/dev.21806,t
13670,30460694,f
13671,10.1016/j.gtc.2016.09.007,t
13671,28164854,f
13672,10.1093/nutrit/nuy009,t
13672,29701810,f
13677,10.1371/journal.pone.0137725,t
13677,26427004,f
13684,30348992,f
13695,10.1007/s00248-018-1176-2,t
13695,29564487,f
13696,1011111471052814631,t
13696,28278350,f
13720,DOI:10.1128/mSystems.00750-21,t
13722,10.1038/s41586-020-2095-1,t
13722,32214244,f
13723,101002,t
13743,bd,t
13743,sb,f
13751,10.1016/j.baae.2023.05.008,t
13761,10.1136/gutjnl-2020-323020,t
13761,33431578,f
13767,https://doi.org/10.1038/s41586-020-2095-1,t
13767,32214244,f
13773,3,t
13793,https://www.biorxiv.org/content/10.1101/2021.04.04.438427v1,t
13793,NA,f
13804,10.1038/s41598-018-27292-6,t
13804,29895899,f
13819,10.1016/j.cell.2018.10.029,t
13881,10.1128/mSystems.01045-20,t
13881,33144315,f
13891,10.1038/s41586-019-1272-6,t
13891,31142840,f
13917,10.1055/s-0041-1734114,t
13917,36354152,f
13957,https://doi.org/10.1128/msystems.01411-21,t
13957,34909793,f
13963,https://doi.org/10.3389/fmars.2021.634803,t
13984,10.1038/s41586-019-1272-6,t
13984,31142840,f
14018,10.1016/j.ebiom.2021.103443,t
14018,34186487,f
14022,Rothia,t
14022,Rothia,f
14050,10.1007/s12088-019-00850-w,t
14050,32255852,f
14052,10.1371/journal.pone.0229823,t
14052,32196510,f
14098,10.1038/s41598-018-30569-5,t
14098,30120320,f
14099,34249452,f
14104,10.1016/j.biopha.2020.110159,t
14104,32353824,f
14114,10.1245/s10434-020-08678-1,t
14114,32504369,f
14115,10.1007/s00520-016-3568-5,t
14115,28064384,f
14117,10.1038/s41598-020-67443-2,t
14117,32632181,f
14119,10.1158/0008-5472.CAN-18-4108,t
14119,31591154,f
14123,10.1080/10428194.2020.1850718,t
14123,33258724,f
14130,10.1111/jgh.15941,t
14130,3581616,f
14131,10.1038/s41396-021-00998-8,t
14131,34002024,f
14135,10.1186/s12885-020-6654-5,t
14135,32093640,f
14137,10.1136/gutjnl-2018-317458,t
14137,30872392,f
14140,10.1371/journal.pone.0231789,t
14140,32369505,f
14146,10.3389/fmicb.2019.01317,t
14146,31244818,f
14149,10.3390/ijms21249735,t
14149,33419357,f
14150,10.3390/microorganisms8121994,t
14150,33327620,f
14152,10.1186/s12876-019-1156-0,t
14152,31941439,f
14168,10.1038/s41522-017-0040-3,t
14168,29214046,f
14169,10.3389/fmicb.2017.02699,t
14169,29375539,f
14170,10.1038/s42003-021-01690-5,t
14170,33547364,f
14172,10.1016/j.immuni.2018.11.015,t
14172,30650375,f
14176,10.1038/s41522-017-0040-3,t
14176,29214046,f
14181,10.1158/1538-7445.AM2023-4116,t
14183,10.21203/rs.3.rs-97367/v1,t
14186,10.1038/s41598-020-69112-w,t
14186,32704056,f
14188,10.3389/fcimb.2019.00112,t
14188,31065547,f
14191,10.1111/jgh.15565,t
14191,34089623,f
14193,10.3389/fcimb.2021.636808,t
14193,34249773,f
14200,10.1038/s41598-020-71102-x,t
14200,32839514,f
14201,10.3389/fgene.2021.787176,t
14201,35003221,f
14202,10.1016/j.cell.2019.07.008,t
14202,31398337,f
14203,10.1038/s43018-020-0078-7,t
14203,33768208,f
14207,10.1002/cam4.3027,t
14207,32237205,f
14223,10.1038/s41391-021-00360-1,t
14223,33850270,f
14225,10.3390/ijms17122017,t
14225,27918452,f
14226,10.1371/journal.ppat.1007717,t
14226,31009520,f
14227,10.1186/s13073-015-0177-8,t
14227,26170900,f
14229,10.3389/fcimb.2020.541144,t
14229,33194789,f
14237,10.1038/srep30751,t
14237,27485780,f
14238,10.1002/ijc.33028,t
14238,32350866,f
14242,10.1016/j.genrep.2022.101499,t
14245,10.3389/fmicb.2021.718776,t
14245,35197936,f
14256,10.1016/j.arbres.2020.05.034,t
14257,10.1080/19490976.2023.2197835,t
14258,10.1136/gutjnl-2015-309800,t
14258,26408641,f
14259,10.1038/s43018-020-0078-7,t
14259,33768208,f
14264,10.1038/srep28061,t
14264,27324944,f
14267,10.4014/jmb.2106.06039,t
14267,34584037,f
14270,10.3389/fonc.2020.01029,t
14270,32850307,f
14275,10.1126/science.aao3290,t
14275,29302014,f
14277,10.3389/fnagi.2018.00156,t
14277,29881345,f
14283,10.1002/ijc.33596,t
14283,33844851,f
14286,10.7717/peerj.11574,t
14286,34178459,f
14289,10.1186/s13059-018-1389-1,t
14289,29361968,f
14295,10.1002/ijc.32942,t
14295,32115690,f
14296,10.1186/s13073-016-0368-y,t
14296,27884207,f
14299,10.3390/life11080831,t
14299,34440574,f
14301,10.1038/s41591-019-0406-6,t
14301,30936547,f
14305,10.3390/cancers15082231,t
14305,37190160,f
14308,10.1038/ncomms7528,t
14308,25758642,f
14332,10.1128/msystems.00985-24,t
14332,39283083,f
14342,2,t
14371,PRJNA438833,f
14378,10.59368/agingbio.20240033,t
14382,10.1038/s41586-019-1689-y,t
14382,31645765,f
14401,sokdvnsdo,t
14401,sodkncSDO,f
14416,2,t
14418,2,t
14424,10.1038/s41523-022-00455-5,t
14444,2,t
14445,10.1186/s13073-017-0428-y,t
14445,28449715,f
14446,10.1186/s40793-023-00470-4,t
14446,36805022,f
14448,10.1093/brain/awaa201,t
14448,32844199,f
14449,The systematic process of establishing whether items match consumer expectations is known as quality assurance. The quality assurance training courses offered by our H2kInfosys can assist you in learning how to avoid difficulties when delivering solutions or services to consumers. This Quality Assurance program is open to anyone with both technical and non-technical skills. It is the finest option for anyone interested in pursuing a career in the IT field. Our quality assurance course program ensures that you thoroughly understand the major topics included in the Foundation and Advanced Level Certification tests. Our QA online training is designed for students who have recently completed their education and wish to pursue a career in software testing. It is also used by experienced applicants who want to demonstrate their understanding of software testing practically. Our certification verifies your capacity to deliver consistent,t
14449,high-quality results with greater efficiency. In complement to increasing your earning potential,t
14449,certification validates your knowledge of the principles of software testing,t
14449,as well as procedures,t
14449,tools,t
14449,techniques,t
14449,and management style. Contact No:770-777-1269 Visit:https://www.h2kinfosys.com/courses/qa-online-training-course-details/  Mail:training@h2kinfosys.com  Youtube:https://youtu.be/zgr1jJd_IIA,t
14449,The systematic process of establishing whether items match consumer expectations is known as quality assurance. The quality assurance training courses offered by our H2kInfosys can assist you in learning how to avoid difficulties when delivering solutions or services to consumers. This Quality Assurance program is open to anyone with both technical and non-technical skills. It is the finest option for anyone interested in pursuing a career in the IT field. Our quality assurance course program ensures that you thoroughly understand the major topics included in the Foundation and Advanced Level Certification tests. Our QA online training is designed for students who have recently completed their education and wish to pursue a career in software testing. It is also used by experienced applicants who want to demonstrate their understanding of software testing practically. Our certification verifies your capacity to deliver consistent,f
14449,high-quality results with greater efficiency. In complement to increasing your earning potential,f
14449,certification validates your knowledge of the principles of software testing,f
14449,as well as procedures,f
14449,tools,f
14449,techniques,f
14449,and management style. Contact No:770-777-1269 Visit:https://www.h2kinfosys.com/courses/qa-online-training-course-details/  Mail:training@h2kinfosys.com  Youtube:https://youtu.be/zgr1jJd_IIA,f
14458,10.1186/s40168-018-0611-4,t
14476,10.1002/mds.29300,t
14476,36691982,f
14513,10.1093/jn/nxab430,t
14513,34958387,f
14517,10.1093/ismejo/wraf010,t
14517,39836381,f
14549,10.1371/journal.pone.0291540,t
14598,10.1038/s41467-022-29767-7,t
14608,10.1038/s41385-022-00544-5,t
14608,35842561,f
14696,https://doi.org/10.1126/science.abb5352,t
14696,33766942,f
14698,10.1128/msystems.01418-24,t
14730,s41598-023-33719-6,t
14730,37081054,f
14734,10.1038/s41586-019-1689-y,t
14734,31645765,f
14743,10.1038/s41586-019-1689-y,t
14743,31645765,f
14786,DOI: 10.1038/s41591-018-0164-x,t
14786,30150716,f
14800,ID 14774,f
14812,10.1186/s43556-022-00103-1,t
14812,36437420,f
14821,10.1038/s41597-021-00860-8,t
14821,33654104,f
14821,30257956,f
14843,BIR_BahiaSequencingProject_ITS2_noFungicide,t
14854,10.1016/j.clcc.2021.10.004,t
14854,34801414,f
14874,10.1093/cdn/nzac086,t
14874,35720468,f
14875,10.1093/bioinformatics/btaa277,t
14877,10.1093/bjs/znad129,t
14877,37260059,f
14884,10.1016/j.cell.2024.12.011,t
14884,39818212,f
14897,10.1038/s41598-021-84790-w,t
14898,10.1186/s40168-019-0666-x,t
14921,10.1186/s13756-025-01600-y,t
14921,40597409,f
14953,10.1038/nature11209,t
14953,10.1038/nature11234,t
14953,10.1038/s41586-019-1238-8,t
14953,22699609,f
14953,22699610,f
14953,25211071,f
14959,10.22541/au.172515592.29598664/v1,t
14969,10.1016/j.aquaculture.2022.738557,t
14970,10.3390/nu12092889,t
14970,32971775,f
14971,10.3390/nu13010152,t
14971,33466274,f
14972,10.3390/nu13124188,t
14972,34959740,f
14977,doi.org/10.1016/j.pan.2023.07.008,t
14978,10.1128/spectrum.03749-22,t
14989,10.1038/s41564-023-01580-y,t
15022,10.1016/j.cels.2015.01.001,t
15022,26594662,f
15064,10.1093/database/baaa062,t
15064,32761142,f
15066,10.1016/j.ebiom.2023.104731,t
15066,37487417,f
15067,10.1128/AEM.00546-21,t
15067,33837013,f
15071,https://doi.org/10.1007/s11357-023-00905-3,t
15175,10.1186/s12866-025-04316-6,t
15175,41053568,f
15187,10.3389/fcimb.2019.00028,t
15187,30838178,f
15188,10.1093/cid/ciy153,t
15188,29518185,f
15193,10.21203,t
15207,10.1128/Spectrum.00767-21,t
15207,34704793,f
15219,doi:10.1016/j.scitotenv.2017.12.170,t
15230,https://doi.org/10.1016/j.scitotenv.2017.12.170,t
15230,29268225,f
15233,tbd,t
15235,c,t
15276,10.3389/fmicb.2020.00997,t
15276,32547510,f
15277,10.3389/fmicb.2020.00997,t
15277,32547510,f
15278,10.3389/fcimb.2022.830684,t
15278,35663463,f
15299,10.1016/j.ijrobp.2024.11.089,t
15299,39608612,f
15302,MJY-Carbon-1,t
15302,MJY-Carbon-1,f
15314,10.1038/s41586-019-1689-y,t
15314,31645765,f
15387,10.3390/jpm13030450,t
15387,36983633,f
15388,10.1186/s13058-023-01677-6,t
15436,tbd,t
15438,tbd,t
15453,10.1016/j.jid.2024.07.020,t
15466,tbd,t
15475,https://doi.org/10.3390/vetsci9110635,t
15475,https://www.ncbi.nlm.nih.gov/bioproject/PRJNA1200722/,f
15479,Tiankeng,t
15479,Tiankeng,f
15519,doi.org/10.1016/j.jaci.2022.01.031,t
15525,10.3389/fmed.2021.605639,t
15525,33889581,f
15527,10.1101/649384,t
15527,34281401,f
15532,10.1038/ismej.2012.56,t
15532,22739495,f
15539,10.1128/mbio.01578-15,t
15541,10.1038/s41522-017-0022-5,t
15546,10.1186/s40168-020-00874-1,t
15568,10.1128/msystems.00356-23,t
15568,38206014,f
15573,10.3354/meps14763,t
15592,10.1016/j.cell.2016.04.008,t
15600,Monopoly Go,t
15600,Monopoly Go,f
15605,10.1016/j.bbi.2024.12.029,t
15605,39709061,f
15612,10.1038/nmicrobiol.2016.106,t
15613,10.1186/s13059-023-03090-w,t
15614,10.1038/s41467-019-12253-y,t
15620,http://dx.doi.org/10.2139/ssrn.4960739,t
15632,35059604,f
15648,10.1016/j.chom.2021.02.021,t
15648,33794185,f
15649,10.1186/s40168-020-00890-1,t
15649,32718353,f
15650,10.1186/s40168-022-01305-z,t
15650,35831879,f
15651,10.1016/j.xcrm.2021.100260,t
15651,34095873,f
15652,10.1016/j.ebiom.2020.102640,t
15652,32062351,f
15653,10.1186/s12866-018-1367-5,t
15653,30579350,f
15654,10.1038/s41598-019-49274-y,t
15654,31501455,f
15659,Just values,t
15659,Just values,f
15670,1,t
15670,1,f
15729,10.1126/scitranslmed.abo2984,t
15729,37315112,f
15770,10.1016/j.envres.2023.115701,t
15789,10.1038/s41467-025-56091-7,t
15813,3,t
15813,4,f
15822,10.3390/microorganisms10061155,t
15824,10.1002/ajhb.23131,t
15843,10.1016/j.aquaculture.2024.741813,t
15854,10.1186/s12575-021-00148-6,t
15854,34058978,f
15872,10.3389/fcimb.2021.747816,t
15872,34869058,f
15889,http://dx.doi.org/10.2139/ssrn.4960739,t
15900,10.1007/s00204-025-04137-6,t
15900,40770081,f
15939,Minister,f
15947,http://dx.doi.org/10.2139/ssrn.4960739,t
15953,10.1161/CIRCRESAHA.123.323634,t
15953,10987058,f
15991,TER,t
15991,RERER,f
15992,TER,t
15992,RERER,f
15993,10.1016/j.cmet.2017.04.001,t
15993,28467925,f
15994,https://doi.org/10.1128/msystems.00193-20,t
15994,"",f
16021,10.3389/fmicb.2022.1021325,t
16021,36246263,f
16052,10.3390/ijms26030991,t
16053,10.2147/CMAR.S251021,t
16054,10.3389/fonc.2021.614448,t
16055,10.1080/19490976.2022.2156255,t
16055,36563106,f
16056,10.1038/s42003-022-03814-x,t
16057,10.1128/spectrum.05066-22,t
16114,10.1038/s41396-021-01152-0,t
16121,10.3389/fmicb.2018.01693,t
16122,10.1038/s41597-024-03711-4,t
16127,WWE Fight,t
16127,Paris 2025,f
16191,10.1038/s41591-023-02505-2,t
16191,37348518,f
16222,https://doi.org/10.1038/s41522-022-00279-y,t
16317,10.1002/ajhb.70061,t
16317,40387412,f
16439,10.1038/s41586-025-09794-2,t
16439,41339548,f
